13 décembre 2024 Un conte dEthiopie;Un conte d'Ethiopie
12 décembre 2024 Un conte dAustralie;Un conte d'Australie
11 décembre 2024 Un conte du Japon;Un conte du Japon
10 décembre 2024 Un conte de Mongolie;Un conte de Mongolie
9 décembre 2024 Un conte de Chine;Un conte de Chine
8 décembre 2024 Un conte dInde;Un conte d'Inde
7 décembre 2024 Un conte de Turquie;Un conte de Turquie
6 décembre 2024 Un conte dUkraine;Un conte d'Ukraine
5 décembre 2024 Un conte de Slovénie;Un conte de Slovénie
4 décembre 2024 Un conte de Grèce;Un conte de Grèce
3 décembre 2024 Un conte dAllemagne;Un conte d'Allemagne
2 décembre 2024 Un conte de Bretagne;Un conte de Bretagne
1er décembre 2024  Le fabuleux tour du monde du petit train;Le fabuleux tour du monde du petit train
En attendant le grand conte de Noël;En attendant le grand conte de Noël
Les Trésors de Pomme dApi  La grosse bête rouge bonus;La grosse bête rouge
Les Trésors de Pomme dApi  Le rêve de Léonie bonus;Le rêve de Léonie
Les Trésors de Pomme dApi  Suka et le petit renard bonus;Suka et le petit renard
Les Trésors de Pomme dApi  La sorcière qui naimait pas les enfants bonus;La sorcière qui naimait pas les enfants
Novembre 2024  Le grand Blou et les petits Plocs;Le grand Blou et les petits Plocs
Octobre 2024  Létoile dAdélidélo;L'étoile d'Adélidélo
Septembre 2024  La vache quelle rentrée;La vache, quelle rentrée 
Septembre 2024  Lécole des magiciens;L'école des magiciens
Août 2024  Colette lapprentie pirate;Colette l'apprentie pirate
Juillet 2024  Tout un monde;Tout un monde
Juillet 2024  Le château du bord de mer;Le château du bord de mer
Juin 2024  La famille Sauvage à laventure;La famille Sauvage à l'aventure
Mai 2024  La ruse du petit lapin;La ruse du petit lapin
Les Trésors de Pomme dApi  Un nouveau nid pour les petits bonus;Un nouveau nid pour les petits
Les Trésors de Pomme dApi  La vieille vieille et la petite marmite bonus;La vieille vieille et la petite marmite
Les Trésors de Pomme dApi  La ruse de Mei Li bonus;La ruse de Mei Li
Les Trésors de Pomme dApi  La galette au caillou bonus;La galette au caillou
Avril 2024  La folle course de Mamie Plumette;La folle course de Mamie Plumette
Mars 2024  Le jour où nous sommes devenues des louves;Le jour où nous sommes devenues des louves
Février 2024  Beurk et le pull piégé;Beurk et le pull piégé
Janvier 2024  Baluchon le dragon;Baluchon le dragon
Novembre 2023  A croquer;A croquer
Les Trésors de Pomme dApi  Tristan et les dragons bonus;Tristan et les dragons
Les Trésors de Pomme dApi  Logreénormedesbois et les trois oursons bonus;Logre-énorme-des-bois et les trois oursons
Les Trésors de Pomme dApi  La verdiole de la peur bonus;La verdiole de la peur
Les Trésors de Pomme dApi  Albert le géant géant bonus;Albert, le géant géant
Les Trésors de Pomme dApi la bande annonce Bonus;la bande annonce
Octobre 2023  Opération Doudou;Opération Doudou
Septembre 2023  Lécole des écureuils  Une journée bien trop courte;L'école des écureuils  Une journée bien trop courte
Septembre 2023  Lécole des oiseaux  Le grand plongeon;L'école des oiseaux  Le grand plongeon
Septembre 2023  Lécole des fourmis  Une sieste agitée;L'école des fourmis  Une sieste agitée
Septembre 2023  Lécole des lapins  Tintamarre à la cantine;L'école des lapins  Tintamarre à la cantine
Septembre 2023  Lécole des grenouilles  Une cachette pas si discrète;L'école des grenouilles  Une cachette pas si discrète
Septembre 2023  Lécole des hérissons  La bêtise de Chab;L'école des hérissons  La bêtise de Chab
Septembre 2023  Lécole des taupes  Vite papa vite;L'école des taupes  Vite, papa, vite 
Août 2023  Frimousse et la Grande Ourse;Frimousse et la Grande Ourse
Juillet 2023  Le millepattobus;Le millepattobus
Juin 2023  Adélidélo et le monde magique;Adélidélo et le monde magique
Mai 2023  Drôle de pirate;Drôle de pirate
Avril 2023  Mystère au 6 rue de la Chaussette;Mystère au 6, rue de la Chaussette
Mars 2023  Lanniversaire de Bosco;L'anniversaire de Bosco
Février 2023  En piste Siméon;En piste Siméon
Janvier 2023  Drôle denquête pour Max et Flibuste;Drôle denquête pour Max et Flibuste
Bientôt une nouvelle grande histoire de Noël A la recherche des livres perdus;Bientôt, une nouvelle grande histoire de Noël  A la recherche des livres perdus 
Novembre 2022  Le manoir des 3 sorcières;Le manoir des 3 sorcières
Novembre 2022  Esther lapprentie sorcière;Esther, lapprentie sorcière
Octobre 2022  Le trésor dAcajou;Le trésor dAcajou
Septembre 2022  Les fourmis ennemies;Les fourmis ennemies
Août 2022  Le tout petit tour de Petit Lapin;Le tout petit tour de Petit Lapin
Juillet 2022  En valise jusquà locéan;En valise jusqu'à l'océan
Juin 2022  Gare aux Crocochemars;Gare aux Crocochemars
Mai 2022  Les deux oursons;Les deux oursons
Avril 2022  Le zoo en or des dinosaures;Le zoo en or des dinosaures
Mars 2022   Max le loup veut être terrifiant;Max le loup veut être terrifiant
Février 2022  Samia et le secret de la toundra;Samia et le secret de la toundra
Janvier 2022  Ma maison est fantastique;Ma maison est fantastique
24 décembre 2021  Un Noël géant  Ep 24 de Milo et la bougie de Noël;Milo et la bougie de Noël, épisode 24, Un Noël géant
23 décembre 2021  La guérison de jumeaux Ep 23 de Milo et la bougie de Noël;Milo et la bougie de Noël, épisode 23, La guérison des jumeaux
22 décembre 2021  Les enfants du géant Ep 22 de Milo et la bougie de Noël;Milo et la bougie de Noël, épisode 22, Les enfants du géant
21 décembre 2021  Une grotte dans la montagne Ep 21 de Milo et la bougie de Noël;Milo et la bougie de Noël, épisode 21, Une grotte dans la montagne
20 décembre 2021  Des bougies dans la nuit Ep 20 de Milo et la bougie de Noël;Milo et la bougie de Noël, épisode 20, Des bougies dans la nuit
19 décembre 2021  La potionquiguérittout Ep 19 de Milo et la bougie de Noël;Milo et la bougie de Noël, épisode 19, La potion-qui-guérit-tout
18 décembre 2021  Louna Ep 18 de Milo et la bougie de Noël;Milo et la bougie de Noël, épisode 18, Louna
17 décembre 2021  Une mystérieuse rencontre Ep 17 de Milo et la bougie de Noël;Milo et la bougie de Noël, épisode 17, Une mystérieuse rencontre
16 décembre 2021  Un pas de géant Ep 16 de Milo et la bougie de Noël;Milo et la bougie de Noël, épisode 16, Un pas de géant
15 décembre 2021  Sous la neige Ep 15 de Milo et la bougie de Noël;Milo et la bougie de Noël, épisode 15, Sous la neige
14 décembre 2021  La fuite dans la nuit Ep 14 de Milo et la bougie de Noël;Milo et la bougie de Noël, épisode 14, La fuite dans la nuit
13 décembre 2021  Prisonniersdesbrigands Ep 13 de Milo et la bougie de Noël;Milo et la bougie de Noël, épisode 13, Prisonniers des brigands
12 décembre 2021  Mauvaise rencontre Ep 12 de Milo et la bougie de Noël;Milo et la bougie de Noël, épisode 12, Mauvaise rencontre
11 décembre 2021  La montagne du géant Ep 11 de Milo et la bougie de Noël;Milo et la bougie de Noël, épisode 11, La montagne du géant
10 décembre 2021  Eh bien dansons maintenant  Ep 10 de Milo et la bougie de Noël;Milo et la bougie de Noël, épisode 10, Eh bien, dansons maintenant
9 décembre 2021  Le troisième royaume Ep 9 de Milo et la bougie de Noël;Milo et la bougie de Noël, épisode 9, Le troisième royaume
8 décembre 2021  Une bonne idée de Milo Ep 8 de Milo et la bougie de Noël;Milo et la bougie de Noël, épisode 8, Une bonne idée de Milo
7 décembre 2021  Le deuxième royaume Ep 7 de Milo et la bougie de Noël;Milo et la bougie de Noël, épisode 7, Le deuxième royaume
6 décembre 2021  Le sapin de Noël Ep 6 de Milo et la bougie de Noël;Milo et la bougie de Noël, épisode 6, Le sapin de Noël
5 décembre 2021  Le premier royaume Ep 5 de Milo et la bougie de Noël;Milo et la bougie de Noël, épisode 5, Le premier royaume
4 décembre 2021  La mission de Milo Ep 4 de Milo et la bougie de Noël;Milo et la bougie de Noël, épisode 4, La mission de Milo
3 décembre 2021  Le géant de la montagne Ep 3 de Milo et la bougie de Noël;Milo et la bougie de Noël, épisode 3,  Le géant de la montagne
2 décembre 2021  Lenlèvement dOrgan Ep 2 de Milo et la bougie de Noël;Milo et la bougie de Noël, épisode 2, L'enlèvement dOrgan
1er décembre 2021  Le village des Kroons Ep 1 de Milo et la bougie de Noël;Milo et la bougie de Noël, épisode 1, Le village des Kroons
Bientôt une nouvelle grande histoire de Noël Milo et la bougie de Noël;Bientôt une nouvelle grande histoire de Noël Milo et la bougie de Noël
Décembre 2021  Le podcast de Noël arrive;Le podcast de Noël arrive 
Magie monstres et sorcières  7 grandes histoires qui font un peu peur;Magie, monstres et sorcières
Novembre 2021  Les trois petits Chonchons;Les trois petits Chonchons
Octobre 2021  Au dodo Petit Ours;Au dodo, Petit Ours 
Septembre 2021  Petitpasdesoucis;Petit-pas-de-soucis
Août 2021  Mystère dans la savane;Mystère dans la savane
Juillet 2021  Nicolette et le crabe;Nicolette et le crabe
Juillet 2021  Taro et le trésor de locéan;Taro et le trésor de l'océan
Juillet 2021  La grenouille nest pas une nouille;La grenouille n'est pas une nouille
Juin 2021  Michel le tout petit chevalier;Michel, le tout petit chevalier
Mai 2021  Madame Cherfule et ses nouveaux voisins;Madame Cherfule et ses nouveaux voisins
Avril 2021  Lili et la graine magique;Lili et la graine magique
Mars 2021  Le carnaval de Petit Monstre;Le carnaval de Petit Monstre
Février 2021  Diony et son bonhomme de neige;Diony et son bonhomme de neige
Janvier 2021  Le petit roi qui sennuyait;Le petit roi qui sennuyait
Le 24 décembre 2020   Le Noël de monsieur Germain  Ep 8;Le Noël de monsieur Germain, épisode 8
Le 23 décembre 2020   Le Noël de monsieur Germain  Ep 7;Le Noël de monsieur Germain, épisode 7
Le 22 décembre 2020   Le Noël de monsieur Germain Ep 6;Le Noël de monsieur Germain, épisode  6
Le 21 décembre 2020   Le Noël de monsieur Germain Ep 5;Le Noël de monsieur Germain, épisode  5
Le 20 décembre 2020   Le Noël de monsieur Germain  Ep 4;Le Noël de monsieur Germain, épisode  4
Le 19 décembre 2020   Le Noël de monsieur Germain  Ep 3;Le Noël de monsieur Germain, épisode 3
Le 18 décembre 2020   Le Noël de monsieur Germain  Ep 2;Le Noël de monsieur Germain, épisode 2
Le 17 décembre 2020   Le Noël de monsieur Germain  Ep 1;Le Noël de monsieur Germain, épisode 1
Le 16 décembre 2020   Les apprentis du Père Noël  Ep 8;Les apprentis du Père Noël, épisode 8
Le 15 décembre 2020   Les apprentis du Père Noël  Ep 7;Les apprentis du Père Noël, épisode 7
Le 14 décembre 2020   Les apprentis du Père Noël  Ep 6;Les apprentis du Père Noël, épisode 6
Le 13 décembre 2020   Les apprentis du Père Noël  Ep 5;Les apprentis du Père Noël, épisode 5
Le 12 décembre 2020   Les apprentis du Père Noël  Ep 4;Les apprentis du Père Noël  épisode 4
Le 11 décembre 2020   Les apprentis du Père Noël  Ep 3;Les apprentis du Père Noël, épisode 3
Le 10 décembre 2020   Les apprentis du Père Noël  Ep 2;Les apprentis du Père Noël, épisode 2
Le 9 décembre 2020   Les apprentis du Père Noël  Ep 1;Les apprentis du Père Noël, épisode 1
Le 8 décembre 2020   Les invités de la forêt  Ep 8;Les invités de la forêt, épisode 8
Le 7 décembre 2020   Les invités de la forêt  Ep 7;Les invités de la forêt, épisode 7
Le 6 décembre 2020   Les invités de la forêt  Ep 6;Les invités de la forêt, épisode 6
Le 5 décembre 2020   Les invités de la forêt  Ep 5;Les invités de la forêt, épisode 5
Le 4 décembre 2020   Les invités de la forêt  Ep 4;Les invités de la forêt, épisode 4
Le 3 décembre 2020   Les invités de la forêt  Ep 3;Les invités de la forêt, épisode 3
Le 2 décembre 2020   Les invités de la forêt  Ep 2;Les invités de la forêt, épisode 2
Le 1er décembre 2020   Les invités de la forêt  Ep 1;Les invités de la forêt, épisode 1
Novembre 2020  La chèvre et le loup;La chèvre et le loup
Octobre 2020  Leau a disparu;L'eau a disparu
La rentrée des poussins;La rentrée des poussins
Août 2020  Lami des oiseaux;L'ami des oiseaux
Juillet 2020  Le trésor dHector;Le trésor d'Hector
Juillet 2020  Le mystère des chaussettes disparues;Le mystère des chaussettes disparues
Juillet 2020  Le balai de Pétrolette;Le balai de Pétrolette
Juin 2020  Catastrophe le coq a perdu sa voix;Catastrophe, le coq a perdu sa voix 
Mai 2020  Larbre de Monsieur Marcellin;L'arbre de Monsieur Marcellin
Avril 2020  Le ruban rouge;Le ruban rouge
Mars 2020  On veut des couleurs;On veut des couleurs
Basile et les branches magiques;Basile et les branches magiques
Janvier 2020  Papa hibou super papa;Papa hibou, super papa 
Le 24 décembre 2019   Il faut sauver le Magnifique  Ep 8;Il faut sauver le Magnifique, épisode 8
Le 23 décembre 2019   Il faut sauver le Magnifique  Ep 7;Il faut sauver le Magnifique, épisode 7
Le 22 décembre 2019   Il faut sauver le Magnifique  Ep 6;Il faut sauver le Magnifique, épisode 6
Le 21 décembre 2019   Il faut sauver le Magnifique  Ep 5;Il faut sauver le Magnifique, épisode 5
Le 20 décembre 2019   Il faut sauver le Magnifique  Ep 4;Il faut sauver le Magnifique, épisode 4
Le 19 décembre 2019   Il faut sauver le Magnifique  Ep 3;Il faut sauver le Magnifique, épisode 3
Le 18 décembre 2019   Il faut sauver le Magnifique  Ep 2;Il faut sauver le Magnifique, épisode 2
Le 17 décembre 2019   Il faut sauver le Magnifique  Ep 1;Il faut sauver le Magnifique, épisode 1
Le 16 décembre 2019   Le Noël des animaux  Ep 7;Le Noël des animaux, épisode 7
Le 15 décembre 2019   Le Noël des animaux  Ep 6;Le Noël des animaux , épisode 6
Le 14 décembre 2019   Le Noël des animaux  Ep 5;Le Noël des animaux, épisode 5
Le 13 décembre 2019   Le Noël des animaux  Ep 4;Le Noël des animaux, épisode 4
Le 12 décembre 2019   Le Noël des animaux  Ep 3;Le Noël des animaux, épisode 3
Le 11 décembre 2019   Le Noël des animaux  Ep 2;Le Noël des animaux, épisode 2
Le 10 décembre 2019   Le Noël des animaux  Ep 1;Le Noël des animaux, épisode 1
Le 9 décembre 2019   Le secret de Papi Igor  Ep 9;Le secret de Papi Igor, épisode 9
Le 8 décembre 2019   Le secret de Papi Igor  Ep 8;Le secret de Papi Igor, épisode 8
Le 7 décembre 2019   Le secret de Papi Igor  Ep 7;Le secret de Papi Igor, épisode 7
Le 6 décembre 2019   Le secret de Papi Igor  Ep 6;Le secret de Papi Igor, épisode 6
Le 5 décembre 2019   Le secret de Papi Igor  Ep 5;Le secret de Papi Igor, épisode 5
Le 4 décembre 2019   Le secret de Papi Igor  Ep 4;Le secret de Papi Igor, épisode 4
Le 3 décembre 2019   Le secret de Papi Igor  Ep 3;Le secret de Papi Igor, épisode 3
Le 2 décembre 2019   Le secret de Papi Igor  Ep 2;Le secret de Papi Igor, épisode 2
Le 1er décembre 2019   Le secret de Papi Igor  Ep 1;Le secret de Papi Igor, épisode 1
Novembre 2019  Qui conduira le traîneau du Père Noël;Qui conduira le traîneau du Père Noël 
Novembre 2019  Mon ami de la nuit;Mon ami de la nuit
Octobre 2019  Le festin des sorcières;Le festin des sorcières
Septembre 2019  Mini Poucette et logre Farfalle;Mini Poucette et l'ogre Farfalle
Septembre 2019  Le prince Koa et la petite fée;Le prince Koa et la petite fée
Août 2019  Le voleur détoiles;Le voleur d'étoiles
Juillet 2019  La course à la pêche;La course à la pêche
Juillet 2019  Le voyage de Lema;Le voyage de Lema
Juillet 2019  Les Crassebosse au camping;Les Crassebosse au camping
Juin 2019  Lapin Lapine et le truc;Lapin, Lapine, et le truc
Mai 2019  Une maman archichouette;Une maman archichouette
Avril 2019  Labominable cri des bois;L'abominable cri des bois
Mars 2019  Pagaille à la ferme;Pagaille à la ferme 
Février 2019  Gare à la tremblouille;Gare à la tremblouille
Janvier 2019  La petite veilleuse;La petite veilleuse
Février 2020  Basile et les branches magiques;Basile et les branches magiques
Septembre 2020  La rentrée des poussins;La rentrée des poussins
14 décembre 2024 Un conte du BurkinaFaso;Un conte du Burkina-Faso
