Le petit nuage par Marion Seclin;Le petit nuage
Le petit lapin pas magicien par Nadia Daam;Le petit lapin pas magicien
Bianca et la machine à fabriquer le hasard par Pauline Klein;Bianca, et la machine à fabriquer le hasard
Le koala gris le kangourou roux et le méchant chasseur par Olivier Liron;Le koala gris, le kangourou roux et le méchant chasseur
OLI en concert  Léo lenfant qui ne parle pas par EricEmmanuel Schmitt;OLI en concert  Léo, lenfant qui ne parle pas
Le papillon qui lisait par Charles Dantzig;Le papillon qui lisait
Lenfant qui ne sentait rien par Mathieu Simonet;L'enfant qui ne sentait rien
La petite souris qui voulait découvrir le monde par Julia Kerninon;La petite souris qui voulait découvrir le monde
Lhistoire de la princesse qui voulait dormir cent ans par Wendy Delorme;Lhistoire de la princesse qui voulait dormir cent ans
La licorne et le grand concert par Aline Afanoukoé;La licorne et le grand concert
Le petit pois et la princesse par Gaspard Koenig;Le petit pois et la princesse
Le petit galet gris qui rêvait de Tahiti par Christophe OnoditBiot;Le petit galet gris qui rêvait de Tahiti
La cabane au fond du bureau par Marie Misset et Marine Baousson;La cabane au fond du bureau
Le premier chat qui a posé une patte sur Mars par Hélène Frappat;Le premier chat qui a posé une patte sur Mars
Mademoiselle Nonmerci par Joffrine Donnadieu;Mademoiselle Non-merci
OLI en concert  Idriss et le secret du poulpe par Simon Johannin;OLI en concert  Idriss et le secret du poulpe
OLI en concert  Le Paon rose par Kaouther Adimi;OLI en concert  Le Paon rose
OLI en concert  Au fond de lOcéan par Adeline Dieudonné;OLI en concert  Au fond de l'Océan
OLI en concert  Les Jumellomanes par Alex Vizorek;OLI en concert  Les Jumellomanes
Les dinosaures de Noël par Jérôme Lambert;Les dinosaures de Noël
Esmeralda la petite ogresse par Leonor de Recondo;Esmeralda la petite ogresse
Le Requin Joe par Mathieu Palain;Le Requin Joe
La princesse qui tombait amoureuse tout le temps par Maud Ventura;La princesse qui tombait amoureuse tout le temps
Le chevalier à lépée en chocolat par Mathilde Serrell;Le chevalier à l'épée en chocolat
Le petit cheval ailé;Le petit cheval ailé
Le croissant de nuit;Le croissant de nuit
Les mots du soir;Les mots du soir 
Genialstein par Anne Akrich;Genialstein
Le sourire sérieux par Philippe Torreton;Le sourire sérieux
La crique bleue;La crique bleue
Hey la vache;Hey la vache
Théo et le grand pouvoir de son imagination;Théo et le grand pouvoir de son imagination
Lhistoire du rêve de lenfant bleu;L'histoire du rêve de l'enfant bleu
Lenfant aux yeux de mer;Lenfant aux yeux de mer
La terrible histoire dun petit géant qui nétait pas à la hauteur;La terrible histoire dun petit géant qui nétait pas à la hauteur
Zazou et la faim des vacances;Zazou et la faim des vacances
Bruno le baleineau et le concours de splash;Bruno le baleineau et le concours de splash
La grotte des couleurs;La grotte des couleurs
Le grand concours;Le grand concours
Bande Annonce Les nouveaux épisodes dOLI;Bande Annonce  Les nouveaux épisodes d'OLI
Toutoune et Constantin et la grosse dame;Toutoune et Constantin et la grosse dame
Idriss et le secret du poulpe;Idriss et le secret du poulpe
La libellule et le bison ou la fable de louest américain;La libellule et le bison, ou la fable de l'ouest américain
Nansen celui qui voulait être tout en haut;Nansen, celui qui voulait être tout en haut
Néraïda de lOlympe;Néraïda de l'Olympe
OLI en concert  Camille sest perdu de Marie Desplechin;OLI en concert  Camille s'est perdu
OLI en concert  Ma première note de Pierre Ducrozet et JeanRené Ducrozet;OLI en concert  Ma première note
Le jour où Betty fait disparaître sa petite sur Wanda;Le jour où Betty fait disparaître sa petite sur Wanda
Les pirates du mercredi;Les pirates du mercredi
Le chapeau de Gigi Sourina et Pipo;Le chapeau de Gigi, Sourina et Pipo
Lhistoire qui fait un petit peu peur mais heureusement y a des prouts dedans;L'histoire qui fait un petit peu peur mais heureusement y a des prouts dedans
Le chapeau melon qui voulait partir en voyage;Le chapeau melon qui voulait partir en voyage
Anong et la grenouille de jade;Anong et la grenouille de jade
La compagnie des rêves;La compagnie des rêves
Lhomme le plus lent du monde;L'homme le plus lent du monde
Tête duf et le voyage au Royaume des Rêves;Tête duf et le voyage au Royaume des Rêves
Larbre qui voulait voir le monde;L'arbre qui voulait voir le monde
Lili Tina les clowns et les footballeuses;Lili, Tina, les clowns et les footballeuses
Le Petit Pince;Le Petit Pince
Alzarus et le bâton de pluie;Alzarus et le bâton de pluie
Owen le petit zombie dappartement;Owen, le petit zombie d'appartement
OLI en concert  Secret des parents de Nicolas Mathieu;OLI en concert  Secret des parents
OLI en concert  Le poisson dargent de Nina Bouraoui;OLI en concert  Le poisson d'argent
Au pays des Toutoui;Au pays des Tout-oui
Le petit chevalier;Le petit chevalier
Toutoune et Constantin;Toutoune et Constantin
Lhistoire de la petite fille qui se trouvait trop petite dans un monde trop grand;L'histoire de la petite fille qui se trouvait trop petite dans un monde trop grand
Léo et le chat de la plage;Léo et le chat de la plage
Le petit garçon et les animaux disparus;Le petit garçon et les animaux disparus
Les fées des courgettes;Les fées des courgettes
JeanBébé;Jean-Bébé
La fable de lenfant qui avait trop de choses à dire;La fable de l'enfant qui avait trop de choses à dire
Taly la ptite souris;Taly, la p'tite souris
Le marchand damis;Le marchand d'amis
Le Lapin Shérif;Le Lapin Shérif
La cabane;La cabane
Nadine et Robert les poissons rouges;Nadine et Robert les poissons rouges
Zelda et les abeilles;Zelda et les abeilles
Jojo le Ninja;Jojo le Ninja
Kim et son cur sur la main;Kim et son cur sur la main
Le voleur de sapin;Le voleur de sapin
Le paon rose;Le paon rose
Le jeu de la vérité;Le jeu de la vérité
Ignatus le Dragon;Ignatus le Dragon
La chouette blanche;La chouette blanche
Coline la chaussette orpheline;Coline la chaussette orpheline
Rainette la grenouille qui détestait se laver les cheveux;Rainette, la grenouille qui détestait se laver les cheveux
La vie secrète de Doudou Lapin;La vie secrète de Doudou Lapin
Les métamorphoses dAdèle;Les métamorphoses d'Adèle
Madeleine et les mots qui fâchent;Madeleine et les mots qui fâchent
Les baisers envoyés;Les baisers envoyés
Zouzou et les nuggets magiques;Zouzou et les nuggets magiques
Lhistoire des Mims Petro et Jean Pims;L'histoire des Mims Petro et Jean Pims
Messidor et les bananes de compagnie;Messidor et les bananes de compagnie
Fabien et la housse de couette;Fabien et la housse de couette
La fourmi et le croquemonsieur;La fourmi et le croque-monsieur
Le dernier poisson;Le dernier poisson
Cueillette et le prince de feu;Cueillette et le prince de feu
Victoria la femme qui naimait pas les enfants;Victoria, la femme qui n'aimait pas les enfants
Le procès de Chatoune;Le procès de Chatoune
